Time Left,Rounded Units Left,Bid Ask Spread,Volume Misbalance,Action,Expected Payout
4,1,0,4,0,1447926631.034483
4,1,0,4,1,1447926631.034483
4,1,0,4,2,1447926631.034483
4,1,0,4,3,1447926631.034483
4,1,0,4,4,1447926631.034483
4,1,0,4,5,1447926631.034483
4,1,0,4,6,1447926631.034483
4,1,0,4,7,1447926631.034483
4,1,0,4,8,1447926631.034483
4,1,0,4,9,1447926631.034483
4,1,0,4,10,1447926631.034483
1,4,1,4,0,5797693777.288401
1,4,1,4,1,5854383139.60599
1,4,1,4,2,5862455223.634723
1,4,1,4,3,5796202769.106484
1,4,1,4,4,5783844660.868778
1,4,1,4,5,5796657598.795183
1,4,1,4,6,5796657598.795183
1,4,1,4,7,5796657598.795183
1,4,1,4,8,5796657598.795183
1,4,1,4,9,5796657598.795183
1,4,1,4,10,5783844660.86878
2,2,3,4,0,2993116127.4666667
2,2,3,4,1,3032405834.31111
2,2,3,4,2,2896313155.333333
2,2,3,4,3,2897477679.999999
2,2,3,4,4,2897477679.999999
2,2,3,4,5,2897477679.999999
2,2,3,4,6,2897477679.999999
2,2,3,4,7,2897477679.999999
2,2,3,4,8,2897477679.999999
2,2,3,4,9,2897477679.999999
2,2,3,4,10,2897047302.666666
0,0,0,4,0,0.0
0,0,0,4,1,0.0
0,0,0,4,2,0.0
0,0,0,4,3,0.0
0,0,0,4,4,0.0
0,0,0,4,5,0.0
0,0,0,4,6,0.0
0,0,0,4,7,0.0
0,0,0,4,8,0.0
0,0,0,4,9,0.0
0,0,0,4,10,0.0
1,4,1,0,0,5659186696.426671
1,4,1,0,1,5663305900.719683
1,4,1,0,2,5748943933.7882395
1,4,1,0,3,5293837682.835679
1,4,1,0,4,5517683098.976395
1,4,1,0,5,5628469845.380361
1,4,1,0,6,5426023774.060875
1,4,1,0,7,5721491293.470998
1,4,1,0,8,5770455826.571143
1,4,1,0,9,5649893136.040927
1,4,1,0,10,5396577034.264507
1,0,2,4,0,0.0
1,0,2,4,1,0.0
1,0,2,4,2,0.0
1,0,2,4,3,0.0
1,0,2,4,4,0.0
1,0,2,4,5,0.0
1,0,2,4,6,0.0
1,0,2,4,7,0.0
1,0,2,4,8,0.0
1,0,2,4,9,0.0
1,0,2,4,10,0.0
3,1,0,4,0,1738285270.7491086
3,1,0,4,1,1330692784.6611176
3,1,0,4,2,1357055445.8977406
3,1,0,4,3,1366055135.552913
3,1,0,4,4,1447926631.034483
3,1,0,4,5,1447926631.034483
3,1,0,4,6,1447926631.034483
3,1,0,4,7,1447926631.034483
3,1,0,4,8,1447926631.034483
3,1,0,4,9,1447926631.034483
3,1,0,4,10,1447926631.034483
1,2,2,4,0,2826569658.1824875
1,2,2,4,1,2880152195.658412
1,2,2,4,2,2894346759.0656915
1,2,2,4,3,2886647483.0411057
1,2,2,4,4,2896529442.105263
1,2,2,4,5,2896529442.105263
1,2,2,4,6,2896529442.105263
1,2,2,4,7,2896529442.105263
1,2,2,4,8,2896529442.105263
1,2,2,4,9,2896529442.105263
1,2,2,4,10,2841098699.0523396
0,3,1,0,0,4215315222.6769733
0,3,1,0,1,4240697694.0909724
0,3,1,0,2,4334841034.007923
0,3,1,0,3,3947859760.1160374
0,3,1,0,4,4187126570.275581
0,3,1,0,5,4314432820.652146
0,3,1,0,6,4098219871.561014
0,3,1,0,7,4344307703.5632
0,3,1,0,8,4230753610.0533266
0,3,1,0,9,4262339816.216217
0,3,1,0,10,3952705560.5148115
0,3,1,4,0,4348741860.400142
0,3,1,4,1,4402265959.638117
0,3,1,4,2,4411920290.701149
0,3,1,4,3,4343791365.44854
0,3,1,4,4,4330857815.223544
0,3,1,4,5,4347324176.506023
0,3,1,4,6,4347324176.506023
0,3,1,4,7,4347324176.506023
0,3,1,4,8,4347324176.506023
0,3,1,4,9,4347324176.506023
0,3,1,4,10,4330857815.223548
0,4,2,4,0,5628452639.5847645
0,4,2,4,1,5633732205.140949
0,4,2,4,2,5683639489.3046255
0,4,2,4,3,5791760377.618622
0,4,2,4,4,5912607979.409748
0,4,2,4,5,5585158625.577208
0,4,2,4,6,5549155173.68421
0,4,2,4,7,5759786647.36842
0,4,2,4,8,5795197173.684211
0,4,2,4,9,5795197173.684211
0,4,2,4,10,5549155173.684209
0,2,0,4,0,3024258613.788121
0,2,0,4,1,2700582350.3214965
0,2,0,4,2,2785390012.440869
0,2,0,4,3,2771704388.4362116
0,2,0,4,4,2896536096.551724
0,2,0,4,5,2896536096.551724
0,2,0,4,6,2896536096.551724
0,2,0,4,7,2896536096.551724
0,2,0,4,8,2896536096.551724
0,2,0,4,9,2896536096.551724
0,2,0,4,10,2707124576.244946
4,0,4,4,0,0.0
4,0,4,4,1,0.0
4,0,4,4,2,0.0
4,0,4,4,3,0.0
4,0,4,4,4,0.0
4,0,4,4,5,0.0
4,0,4,4,6,0.0
4,0,4,4,7,0.0
4,0,4,4,8,0.0
4,0,4,4,9,0.0
4,0,4,4,10,0.0
3,4,2,4,0,5766664568.975067
3,4,2,4,1,5749518705.540166
3,4,2,4,2,5747747745.983378
3,4,2,4,3,5824377861.772852
3,4,2,4,4,5938911780.886426
3,4,2,4,5,5589205364.265927
3,4,2,4,6,5549155173.68421
3,4,2,4,7,5759786647.36842
3,4,2,4,8,5795197173.684211
3,4,2,4,9,5795197173.684211
3,4,2,4,10,5795197173.68421
3,2,2,4,0,2868524799.445983
3,2,2,4,1,2909785815.5124645
3,2,2,4,2,2909393341.274238
3,2,2,4,3,2888528305.817174
3,2,2,4,4,2896529442.105263
3,2,2,4,5,2896529442.105263
3,2,2,4,6,2896529442.105263
3,2,2,4,7,2896529442.105263
3,2,2,4,8,2896529442.105263
3,2,2,4,9,2896529442.105263
3,2,2,4,10,2896529442.105263
3,0,2,4,0,0.0
3,0,2,4,1,0.0
3,0,2,4,2,0.0
3,0,2,4,3,0.0
3,0,2,4,4,0.0
3,0,2,4,5,0.0
3,0,2,4,6,0.0
3,0,2,4,7,0.0
3,0,2,4,8,0.0
3,0,2,4,9,0.0
3,0,2,4,10,0.0
4,0,2,4,0,0.0
4,0,2,4,1,0.0
4,0,2,4,2,0.0
4,0,2,4,3,0.0
4,0,2,4,4,0.0
4,0,2,4,5,0.0
4,0,2,4,6,0.0
4,0,2,4,7,0.0
4,0,2,4,8,0.0
4,0,2,4,9,0.0
4,0,2,4,10,0.0
4,3,3,4,0,4346521699.999998
4,3,3,4,1,4346521699.999998
4,3,3,4,2,4346521699.999998
4,3,3,4,3,4346521699.999998
4,3,3,4,4,4346521699.999998
4,3,3,4,5,4346521699.999998
4,3,3,4,6,4346521699.999998
4,3,3,4,7,4346521699.999998
4,3,3,4,8,4346521699.999998
4,3,3,4,9,4346521699.999998
4,3,3,4,10,4346521699.999998
2,1,0,4,0,1653391795.789085
2,1,0,4,1,1310480052.5277784
2,1,0,4,2,1353012899.471073
2,1,0,4,3,1362012589.1262453
2,1,0,4,4,1447926631.034483
2,1,0,4,5,1447926631.034483
2,1,0,4,6,1447926631.034483
2,1,0,4,7,1447926631.034483
2,1,0,4,8,1447926631.034483
2,1,0,4,9,1447926631.034483
2,1,0,4,10,1330692784.6611178
4,3,0,4,0,4345270606.896551
4,3,0,4,1,4345270606.896551
4,3,0,4,2,4345270606.896551
4,3,0,4,3,4345270606.896551
4,3,0,4,4,4345270606.896551
4,3,0,4,5,4345270606.896551
4,3,0,4,6,4345270606.896551
4,3,0,4,7,4345270606.896551
4,3,0,4,8,4345270606.896551
4,3,0,4,9,4345270606.896551
4,3,0,4,10,4345270606.896551
3,0,1,4,0,0.0
3,0,1,4,1,0.0
3,0,1,4,2,0.0
3,0,1,4,3,0.0
3,0,1,4,4,0.0
3,0,1,4,5,0.0
3,0,1,4,6,0.0
3,0,1,4,7,0.0
3,0,1,4,8,0.0
3,0,1,4,9,0.0
3,0,1,4,10,0.0
3,1,4,4,0,1304642316.3434901
3,1,4,4,1,1448638305.2631576
3,1,4,4,2,1448638305.2631576
3,1,4,4,3,1448638305.2631576
3,1,4,4,4,1448638305.2631576
3,1,4,4,5,1448638305.2631576
3,1,4,4,6,1448638305.2631576
3,1,4,4,7,1448638305.2631576
3,1,4,4,8,1448638305.2631576
3,1,4,4,9,1448638305.2631576
3,1,4,4,10,1448638305.2631574
0,0,1,0,0,0.0
0,0,1,0,1,0.0
0,0,1,0,2,0.0
0,0,1,0,3,0.0
0,0,1,0,4,0.0
0,0,1,0,5,0.0
0,0,1,0,6,0.0
0,0,1,0,7,0.0
0,0,1,0,8,0.0
0,0,1,0,9,0.0
0,0,1,0,10,0.0
3,3,3,4,0,4446222309.333331
3,3,3,4,1,4367101137.999999
3,3,3,4,2,4305859486.666666
3,3,3,4,3,4339176166.666664
3,3,3,4,4,4344008583.333331
3,3,3,4,5,4346521699.999998
3,3,3,4,6,4346521699.999998
3,3,3,4,7,4346521699.999998
3,3,3,4,8,4346521699.999998
3,3,3,4,9,4346521699.999998
3,3,3,4,10,4346521699.999998
2,2,2,4,0,2841098699.05234
2,2,2,4,1,2890980770.2288957
2,2,2,4,2,2897957938.7957425
2,2,2,4,3,2887098880.507363
2,2,2,4,4,2896529442.105263
2,2,2,4,5,2896529442.105263
2,2,2,4,6,2896529442.105263
2,2,2,4,7,2896529442.105263
2,2,2,4,8,2896529442.105263
2,2,2,4,9,2896529442.105263
2,2,2,4,10,2868524799.445982
2,0,4,4,0,0.0
2,0,4,4,1,0.0
2,0,4,4,2,0.0
2,0,4,4,3,0.0
2,0,4,4,4,0.0
2,0,4,4,5,0.0
2,0,4,4,6,0.0
2,0,4,4,7,0.0
2,0,4,4,8,0.0
2,0,4,4,9,0.0
2,0,4,4,10,0.0
0,2,1,0,0,2887816866.908767
0,2,1,0,1,2927574510.487124
0,2,1,0,2,3027467919.2698193
0,2,1,0,3,2624772152.8986692
0,2,1,0,4,2839596724.4273353
0,2,1,0,5,2840260181.51133
0,2,1,0,6,2809789183.783785
0,2,1,0,7,2895471772.9729753
0,2,1,0,8,2901435410.8108115
0,2,1,0,9,2901435410.8108115
0,2,1,0,10,2625207204.746605
4,4,3,4,0,5796335920.0
4,4,3,4,1,5796335920.0
4,4,3,4,2,5796335920.0
4,4,3,4,3,5796335920.0
4,4,3,4,4,5796335920.0
4,4,3,4,5,5796335920.0
4,4,3,4,6,5796335920.0
4,4,3,4,7,5796335920.0
4,4,3,4,8,5796335920.0
4,4,3,4,9,5796335920.0
4,4,3,4,10,5796335920.0
3,3,0,4,0,4614417554.221165
3,3,0,4,1,4286303479.5481563
3,3,0,4,2,4252867288.466111
3,3,0,4,3,4259833416.4090366
3,3,0,4,4,4345270606.896551
3,3,0,4,5,4345270606.896551
3,3,0,4,6,4345270606.896551
3,3,0,4,7,4345270606.896551
3,3,0,4,8,4345270606.896551
3,3,0,4,9,4345270606.896551
3,3,0,4,10,4345270606.896551
4,2,3,4,0,2897477679.999999
4,2,3,4,1,2897477679.999999
4,2,3,4,2,2897477679.999999
4,2,3,4,3,2897477679.999999
4,2,3,4,4,2897477679.999999
4,2,3,4,5,2897477679.999999
4,2,3,4,6,2897477679.999999
4,2,3,4,7,2897477679.999999
4,2,3,4,8,2897477679.999999
4,2,3,4,9,2897477679.999999
4,2,3,4,10,2897477679.999999
2,3,1,0,0,4401497801.533968
2,3,1,0,1,4393558852.922829
2,3,1,0,2,4474373624.829726
2,3,1,0,3,3990404590.1486588
2,3,1,0,4,4213677808.4338536
2,3,1,0,5,4328400046.707994
2,3,1,0,6,4100828700.5409355
2,3,1,0,7,4346046922.883146
2,3,1,0,8,4231043479.939985
2,3,1,0,9,4262339816.216217
2,3,1,0,10,4138888139.371804
2,3,1,4,0,4348741860.400142
2,3,1,4,1,4402265959.638117
2,3,1,4,2,4411920290.701149
2,3,1,4,3,4343791365.44854
2,3,1,4,4,4330857815.223544
2,3,1,4,5,4347324176.506023
2,3,1,4,6,4347324176.506023
2,3,1,4,7,4347324176.506023
2,3,1,4,8,4347324176.506023
2,3,1,4,9,4347324176.506023
2,3,1,4,10,4330857815.223548
2,1,4,4,0,1289484843.8256304
2,1,4,4,1,1448638305.2631576
2,1,4,4,2,1448638305.2631576
2,1,4,4,3,1448638305.2631576
2,1,4,4,4,1448638305.2631576
2,1,4,4,5,1448638305.2631576
2,1,4,4,6,1448638305.2631576
2,1,4,4,7,1448638305.2631576
2,1,4,4,8,1448638305.2631576
2,1,4,4,9,1448638305.2631576
2,1,4,4,10,1304642316.3434901
1,4,3,4,0,5817801402.142221
1,4,3,4,1,5790240117.574818
1,4,3,4,2,5863358226.937777
1,4,3,4,3,5834947373.555554
1,4,3,4,4,5788448221.555559
1,4,3,4,5,5676369409.555556
1,4,3,4,6,5750029042.888888
1,4,3,4,7,5796335920.0
1,4,3,4,8,5796335920.0
1,4,3,4,9,5796335920.0
1,4,3,4,10,5676369409.555557
1,3,1,4,0,4348741860.400142
1,3,1,4,1,4402265959.638117
1,3,1,4,2,4411920290.701149
1,3,1,4,3,4343791365.44854
1,3,1,4,4,4330857815.223544
1,3,1,4,5,4347324176.506023
1,3,1,4,6,4347324176.506023
1,3,1,4,7,4347324176.506023
1,3,1,4,8,4347324176.506023
1,3,1,4,9,4347324176.506023
1,3,1,4,10,4330857815.223548
2,4,4,4,0,5482803935.26753
2,4,4,4,1,5480263158.594548
2,4,4,4,2,5612547574.238227
2,4,4,4,3,5795708119.886281
2,4,4,4,4,5836914856.728386
2,4,4,4,5,5788695415.789474
2,4,4,4,6,5791747942.105264
2,4,4,4,7,5796632152.631579
2,4,4,4,8,5796632152.631579
2,4,4,4,9,5796632152.631579
2,4,4,4,10,5626842434.34903
0,1,2,4,0,1408347513.5737302
0,1,2,4,1,1478743566.5746
0,1,2,4,2,1436055210.5263162
0,1,2,4,3,1447646810.5263162
0,1,2,4,4,1447646810.5263162
0,1,2,4,5,1447646810.5263162
0,1,2,4,6,1447646810.5263162
0,1,2,4,7,1447646810.5263162
0,1,2,4,8,1447646810.5263162
0,1,2,4,9,1447646810.5263162
0,1,2,4,10,1409202792.9834788
4,2,4,4,0,2897604168.4210525
4,2,4,4,1,2897604168.4210525
4,2,4,4,2,2897604168.4210525
4,2,4,4,3,2897604168.4210525
4,2,4,4,4,2897604168.4210525
4,2,4,4,5,2897604168.4210525
4,2,4,4,6,2897604168.4210525
4,2,4,4,7,2897604168.4210525
4,2,4,4,8,2897604168.4210525
4,2,4,4,9,2897604168.4210525
4,2,4,4,10,2897604168.4210525
0,3,2,4,0,4241651776.8942184
0,3,2,4,1,4245948229.594292
0,3,2,4,2,4289099459.862831
0,3,2,4,3,4327793460.587682
0,3,2,4,4,4345542905.263157
0,3,2,4,5,4345542905.263157
0,3,2,4,6,4345542905.263157
0,3,2,4,7,4345542905.263157
0,3,2,4,8,4345542905.263157
0,3,2,4,9,4345542905.263157
0,3,2,4,10,4257098700.769638
1,2,3,4,0,2992773525.3777776
1,2,3,4,1,3032381362.733332
1,2,3,4,2,2896313155.333333
1,2,3,4,3,2897477679.999999
1,2,3,4,4,2897477679.999999
1,2,3,4,5,2897477679.999999
1,2,3,4,6,2897477679.999999
1,2,3,4,7,2897477679.999999
1,2,3,4,8,2897477679.999999
1,2,3,4,9,2897477679.999999
1,2,3,4,10,2896313155.333331
2,4,1,4,0,5797814752.8439865
2,4,1,4,1,5854458227.88187
2,4,1,4,2,5862526140.339721
2,4,1,4,3,5796202769.106484
2,4,1,4,4,5783844660.868778
2,4,1,4,5,5796657598.795183
2,4,1,4,6,5796657598.795183
2,4,1,4,7,5796657598.795183
2,4,1,4,8,5796657598.795183
2,4,1,4,9,5796657598.795183
2,4,1,4,10,5784537141.635224
2,4,3,4,0,5818069071.377776
2,4,3,4,1,5790372967.955558
2,4,3,4,2,5863411473.866666
2,4,3,4,3,5834947373.555554
2,4,3,4,4,5788448221.555559
2,4,3,4,5,5676369409.555556
2,4,3,4,6,5750029042.888888
2,4,3,4,7,5796335920.0
2,4,3,4,8,5796335920.0
2,4,3,4,9,5796335920.0
2,4,3,4,10,5676614125.333333
4,2,2,4,0,2896529442.105263
4,2,2,4,1,2896529442.105263
4,2,2,4,2,2896529442.105263
4,2,2,4,3,2896529442.105263
4,2,2,4,4,2896529442.105263
4,2,2,4,5,2896529442.105263
4,2,2,4,6,2896529442.105263
4,2,2,4,7,2896529442.105263
4,2,2,4,8,2896529442.105263
4,2,2,4,9,2896529442.105263
4,2,2,4,10,2896529442.105263
2,4,1,0,0,5850933349.890434
2,4,1,0,1,5843359823.307606
2,4,1,0,2,5924320764.0258255
2,4,1,0,3,5396577034.264507
2,4,1,0,4,5603300611.132608
2,4,1,0,5,5692964615.740431
2,4,1,0,6,5455971670.663143
2,4,1,0,7,5742969084.075969
2,4,1,0,8,5777404266.700888
2,4,1,0,9,5652368178.919314
2,4,1,0,10,5588323687.7282715
0,2,3,4,0,2992773525.3777766
0,2,3,4,1,3032381362.733332
0,2,3,4,2,2896313155.333333
0,2,3,4,3,2897477679.999999
0,2,3,4,4,2897477679.999999
0,2,3,4,5,2897477679.999999
0,2,3,4,6,2897477679.999999
0,2,3,4,7,2897477679.999999
0,2,3,4,8,2897477679.999999
0,2,3,4,9,2897477679.999999
0,2,3,4,10,2896313155.33333
4,1,1,4,0,1448940575.3012056
4,1,1,4,1,1448940575.3012056
4,1,1,4,2,1448940575.3012056
4,1,1,4,3,1448940575.3012056
4,1,1,4,4,1448940575.3012056
4,1,1,4,5,1448940575.3012056
4,1,1,4,6,1448940575.3012056
4,1,1,4,7,1448940575.3012056
4,1,1,4,8,1448940575.3012056
4,1,1,4,9,1448940575.3012056
4,1,1,4,10,1448940575.3012056
2,3,2,4,0,4284127749.3220577
2,3,2,4,1,4275682348.8846774
2,3,2,4,2,4309140558.638286
2,3,2,4,3,4330595569.951888
2,3,2,4,4,4345542905.263157
2,3,2,4,5,4345542905.263157
2,3,2,4,6,4345542905.263157
2,3,2,4,7,4345542905.263157
2,3,2,4,8,4345542905.263157
2,3,2,4,9,4345542905.263157
2,3,2,4,10,4300703140.720221
3,2,3,4,0,2997232422.6666656
3,2,3,4,1,3035601485.3333335
3,2,3,4,2,2897047302.666666
3,2,3,4,3,2897477679.999999
3,2,3,4,4,2897477679.999999
3,2,3,4,5,2897477679.999999
3,2,3,4,6,2897477679.999999
3,2,3,4,7,2897477679.999999
3,2,3,4,8,2897477679.999999
3,2,3,4,9,2897477679.999999
3,2,3,4,10,2897477679.999999
4,1,1,0,0,1450379959.4594598
4,1,1,0,1,1450379959.4594598
4,1,1,0,2,1450379959.4594598
4,1,1,0,3,1450379959.4594598
4,1,1,0,4,1450379959.4594598
4,1,1,0,5,1450379959.4594598
4,1,1,0,6,1450379959.4594598
4,1,1,0,7,1450379959.4594598
4,1,1,0,8,1450379959.4594598
4,1,1,0,9,1450379959.4594598
4,1,1,0,10,1450379959.4594598
3,4,3,4,0,5895625755.999999
3,4,3,4,1,5815899439.333332
3,4,3,4,2,5873854651.33333
3,4,3,4,3,5840331120.666664
3,4,3,4,4,5793097821.333334
3,4,3,4,5,5676614125.333334
3,4,3,4,6,5750273758.666666
3,4,3,4,7,5796335920.0
3,4,3,4,8,5796335920.0
3,4,3,4,9,5796335920.0
3,4,3,4,10,5796335920.000002
4,3,4,4,0,4346693831.578948
4,3,4,4,1,4346693831.578948
4,3,4,4,2,4346693831.578948
4,3,4,4,3,4346693831.578948
4,3,4,4,4,4346693831.578948
4,3,4,4,5,4346693831.578948
4,3,4,4,6,4346693831.578948
4,3,4,4,7,4346693831.578948
4,3,4,4,8,4346693831.578948
4,3,4,4,9,4346693831.578948
4,3,4,4,10,4346693831.578948
3,0,3,4,0,0.0
3,0,3,4,1,0.0
3,0,3,4,2,0.0
3,0,3,4,3,0.0
3,0,3,4,4,0.0
3,0,3,4,5,0.0
3,0,3,4,6,0.0
3,0,3,4,7,0.0
3,0,3,4,8,0.0
3,0,3,4,9,0.0
3,0,3,4,10,0.0
3,4,0,4,0,6062812616.646849
3,4,0,4,1,5734524798.335315
3,4,0,4,2,5738380475.505349
3,4,0,4,3,5753564520.689656
3,4,0,4,4,5829156977.526755
3,4,0,4,5,5699436666.349584
3,4,0,4,6,5746520103.448277
3,4,0,4,7,5794320027.586207
3,4,0,4,8,5794320027.586207
3,4,0,4,9,5794320027.586207
3,4,0,4,10,5794320027.586209
2,1,1,0,0,1618869241.0518632
2,1,1,0,1,1636478408.9195113
2,1,1,0,2,1649066481.4719763
2,1,1,0,3,1351171990.7507946
2,1,1,0,4,1418691618.9189193
2,1,1,0,5,1450379959.4594598
2,1,1,0,6,1450379959.4594598
2,1,1,0,7,1450379959.4594598
2,1,1,0,8,1450379959.4594598
2,1,1,0,9,1450379959.4594598
2,1,1,0,10,1356259578.8897007
2,1,1,4,0,1455667481.2273192
2,1,1,4,1,1491176940.6953115
2,1,1,4,2,1496350152.2898827
2,1,1,4,3,1448940575.3012056
2,1,1,4,4,1448940575.3012056
2,1,1,4,5,1448940575.3012056
2,1,1,4,6,1448940575.3012056
2,1,1,4,7,1448940575.3012056
2,1,1,4,8,1448940575.3012056
2,1,1,4,9,1448940575.3012056
2,1,1,4,10,1448940575.3012064
3,0,4,4,0,0.0
3,0,4,4,1,0.0
3,0,4,4,2,0.0
3,0,4,4,3,0.0
3,0,4,4,4,0.0
3,0,4,4,5,0.0
3,0,4,4,6,0.0
3,0,4,4,7,0.0
3,0,4,4,8,0.0
3,0,4,4,9,0.0
3,0,4,4,10,0.0
1,1,1,0,0,1613781652.912957
1,1,1,0,1,1632765844.6019313
1,1,1,0,2,1645903926.6829267
1,1,1,0,3,1350896985.9865296
1,1,1,0,4,1418691618.9189193
1,1,1,0,5,1450379959.4594598
1,1,1,0,6,1450379959.4594598
1,1,1,0,7,1450379959.4594598
1,1,1,0,8,1450379959.4594598
1,1,1,0,9,1450379959.4594598
1,1,1,0,10,1351171990.750795
1,1,3,4,0,1545081140.4444444
1,1,3,4,1,1455231449.5555558
1,1,3,4,2,1441193686.666667
1,1,3,4,3,1448535160.0000002
1,1,3,4,4,1448535160.0000002
1,1,3,4,5,1448535160.0000002
1,1,3,4,6,1448535160.0000002
1,1,3,4,7,1448535160.0000002
1,1,3,4,8,1448535160.0000002
1,1,3,4,9,1448535160.0000002
1,1,3,4,10,1441193686.666667
1,1,1,4,0,1455667481.2273192
1,1,1,4,1,1491176940.6953115
1,1,1,4,2,1496350152.2898827
1,1,1,4,3,1448940575.3012056
1,1,1,4,4,1448940575.3012056
1,1,1,4,5,1448940575.3012056
1,1,1,4,6,1448940575.3012056
1,1,1,4,7,1448940575.3012056
1,1,1,4,8,1448940575.3012056
1,1,1,4,9,1448940575.3012056
1,1,1,4,10,1448940575.3012064
2,0,0,4,0,0.0
2,0,0,4,1,0.0
2,0,0,4,2,0.0
2,0,0,4,3,0.0
2,0,0,4,4,0.0
2,0,0,4,5,0.0
2,0,0,4,6,0.0
2,0,0,4,7,0.0
2,0,0,4,8,0.0
2,0,0,4,9,0.0
2,0,0,4,10,0.0
2,2,1,0,0,2950710191.672755
2,2,1,0,1,2974918988.8022423
2,2,1,0,2,3068592859.0053897
2,2,1,0,3,2630780621.0550213
2,2,1,0,4,2841625813.633941
2,2,1,0,5,2841129791.1713037
2,2,1,0,6,2809789183.783785
2,2,1,0,7,2895471772.9729753
2,2,1,0,8,2901435410.8108115
2,2,1,0,9,2901435410.8108115
2,2,1,0,10,2688100529.5105925
0,0,1,4,0,0.0
0,0,1,4,1,0.0
0,0,1,4,2,0.0
0,0,1,4,3,0.0
0,0,1,4,4,0.0
0,0,1,4,5,0.0
0,0,1,4,6,0.0
0,0,1,4,7,0.0
0,0,1,4,8,0.0
0,0,1,4,9,0.0
0,0,1,4,10,0.0
2,2,1,4,0,2893981065.9275665
2,2,1,4,1,2937279993.0432596
2,2,1,4,2,2962115238.5868797
2,2,1,4,3,2895713381.495866
2,2,1,4,4,2881632939.759037
2,2,1,4,5,2898054626.5060253
2,2,1,4,6,2898054626.5060253
2,2,1,4,7,2898054626.5060253
2,2,1,4,8,2898054626.5060253
2,2,1,4,9,2898054626.5060253
2,2,1,4,10,2881632939.759039
0,0,3,4,0,0.0
0,0,3,4,1,0.0
0,0,3,4,2,0.0
0,0,3,4,3,0.0
0,0,3,4,4,0.0
0,0,3,4,5,0.0
0,0,3,4,6,0.0
0,0,3,4,7,0.0
0,0,3,4,8,0.0
0,0,3,4,9,0.0
0,0,3,4,10,0.0
3,0,0,4,0,0.0
3,0,0,4,1,0.0
3,0,0,4,2,0.0
3,0,0,4,3,0.0
3,0,0,4,4,0.0
3,0,0,4,5,0.0
3,0,0,4,6,0.0
3,0,0,4,7,0.0
3,0,0,4,8,0.0
3,0,0,4,9,0.0
3,0,0,4,10,0.0
1,1,0,4,0,1638754989.7614946
1,1,0,4,1,1306995098.711686
1,1,0,4,2,1352315908.7078545
1,1,0,4,3,1361315598.3630269
1,1,0,4,4,1447926631.034483
1,1,0,4,5,1447926631.034483
1,1,0,4,6,1447926631.034483
1,1,0,4,7,1447926631.034483
1,1,0,4,8,1447926631.034483
1,1,0,4,9,1447926631.034483
1,1,0,4,10,1310480052.5277784
1,3,1,0,0,4253014252.3108225
1,3,1,0,1,4269714125.528758
1,3,1,0,2,4360384426.167282
1,3,1,0,3,3952705560.514812
1,3,1,0,4,4189376649.1631184
1,3,1,0,5,4315529864.482456
1,3,1,0,6,4098353657.662549
1,3,1,0,7,4344396894.297555
1,3,1,0,8,4230768475.175719
1,3,1,0,9,4262339816.216217
1,3,1,0,10,3990404590.148659
0,1,3,4,0,1545081140.4444444
0,1,3,4,1,1455231449.5555558
0,1,3,4,2,1441193686.666667
0,1,3,4,3,1448535160.0000002
0,1,3,4,4,1448535160.0000002
0,1,3,4,5,1448535160.0000002
0,1,3,4,6,1448535160.0000002
0,1,3,4,7,1448535160.0000002
0,1,3,4,8,1448535160.0000002
0,1,3,4,9,1448535160.0000002
0,1,3,4,10,1441193686.666667
4,4,2,4,0,5795197173.684211
4,4,2,4,1,5795197173.684211
4,4,2,4,2,5795197173.684211
4,4,2,4,3,5795197173.684211
4,4,2,4,4,5795197173.684211
4,4,2,4,5,5795197173.684211
4,4,2,4,6,5795197173.684211
4,4,2,4,7,5795197173.684211
4,4,2,4,8,5795197173.684211
4,4,2,4,9,5795197173.684211
4,4,2,4,10,5795197173.684211
1,3,0,4,0,4510650680.895002
1,3,0,4,1,4163590209.7317753
1,3,0,4,2,4180841062.797388
1,3,0,4,3,4204701892.7670903
1,3,0,4,4,4345270606.896551
1,3,0,4,5,4345270606.896551
1,3,0,4,6,4345270606.896551
1,3,0,4,7,4345270606.896551
1,3,0,4,8,4345270606.896551
1,3,0,4,9,4345270606.896551
1,3,0,4,10,4216295497.609577
1,0,3,4,0,0.0
1,0,3,4,1,0.0
1,0,3,4,2,0.0
1,0,3,4,3,0.0
1,0,3,4,4,0.0
1,0,3,4,5,0.0
1,0,3,4,6,0.0
1,0,3,4,7,0.0
1,0,3,4,8,0.0
1,0,3,4,9,0.0
1,0,3,4,10,0.0
3,1,3,4,0,1548507161.3333333
3,1,3,4,1,1455476165.3333337
3,1,3,4,2,1441193686.666667
3,1,3,4,3,1448535160.0000002
3,1,3,4,4,1448535160.0000002
3,1,3,4,5,1448535160.0000002
3,1,3,4,6,1448535160.0000002
3,1,3,4,7,1448535160.0000002
3,1,3,4,8,1448535160.0000002
3,1,3,4,9,1448535160.0000002
3,1,3,4,10,1448535160.0000002
2,4,2,4,0,5658287256.39306
2,4,2,4,1,5657269854.833065
2,4,2,4,2,5714395579.020266
2,4,2,4,3,5803390841.886572
2,4,2,4,4,5920329251.858872
2,4,2,4,5,5586346513.646303
2,4,2,4,6,5549155173.68421
2,4,2,4,7,5759786647.36842
2,4,2,4,8,5795197173.684211
2,4,2,4,9,5795197173.684211
2,4,2,4,10,5549155173.684209
0,2,1,4,0,2893981065.9275665
0,2,1,4,1,2937279993.0432596
0,2,1,4,2,2962115238.5868797
0,2,1,4,3,2895713381.495866
0,2,1,4,4,2881632939.759037
0,2,1,4,5,2898054626.5060253
0,2,1,4,6,2898054626.5060253
0,2,1,4,7,2898054626.5060253
0,2,1,4,8,2898054626.5060253
0,2,1,4,9,2898054626.5060253
0,2,1,4,10,2881632939.759039
1,2,0,4,0,3043275936.8509827
1,2,0,4,1,2707124576.2449446
1,2,0,4,2,2787731926.688261
1,2,0,4,3,2773685790.21987
1,2,0,4,4,2896536096.551724
1,2,0,4,5,2896536096.551724
1,2,0,4,6,2896536096.551724
1,2,0,4,7,2896536096.551724
1,2,0,4,8,2896536096.551724
1,2,0,4,9,2896536096.551724
1,2,0,4,10,2733220643.6262245
1,0,4,4,0,0.0
1,0,4,4,1,0.0
1,0,4,4,2,0.0
1,0,4,4,3,0.0
1,0,4,4,4,0.0
1,0,4,4,5,0.0
1,0,4,4,6,0.0
1,0,4,4,7,0.0
1,0,4,4,8,0.0
1,0,4,4,9,0.0
1,0,4,4,10,0.0
2,3,3,4,0,4427017075.2
2,3,3,4,1,4365559234.044444
2,3,3,4,2,4305571733.155556
2,3,3,4,3,4339176166.666664
2,3,3,4,4,4344008583.333331
2,3,3,4,5,4346521699.999998
2,3,3,4,6,4346521699.999998
2,3,3,4,7,4346521699.999998
2,3,3,4,8,4346521699.999998
2,3,3,4,9,4346521699.999998
2,3,3,4,10,4305859486.666666
3,2,0,4,0,3166278388.2282996
3,2,0,4,1,2815854545.184304
3,2,0,4,2,2850237940.3091564
3,2,0,4,3,2821973192.271107
3,2,0,4,4,2896536096.551724
3,2,0,4,5,2896536096.551724
3,2,0,4,6,2896536096.551724
3,2,0,4,7,2896536096.551724
3,2,0,4,8,2896536096.551724
3,2,0,4,9,2896536096.551724
3,2,0,4,10,2896536096.5517244
4,2,1,4,0,2898054626.5060253
4,2,1,4,1,2898054626.5060253
4,2,1,4,2,2898054626.5060253
4,2,1,4,3,2898054626.5060253
4,2,1,4,4,2898054626.5060253
4,2,1,4,5,2898054626.5060253
4,2,1,4,6,2898054626.5060253
4,2,1,4,7,2898054626.5060253
4,2,1,4,8,2898054626.5060253
4,2,1,4,9,2898054626.5060253
4,2,1,4,10,2898054626.5060253
4,2,1,0,0,2901435410.8108115
4,2,1,0,1,2901435410.8108115
4,2,1,0,2,2901435410.8108115
4,2,1,0,3,2901435410.8108115
4,2,1,0,4,2901435410.8108115
4,2,1,0,5,2901435410.8108115
4,2,1,0,6,2901435410.8108115
4,2,1,0,7,2901435410.8108115
4,2,1,0,8,2901435410.8108115
4,2,1,0,9,2901435410.8108115
4,2,1,0,10,2901435410.8108115
0,4,1,0,0,5556447344.997841
0,4,1,0,1,5578145014.64085
0,4,1,0,2,5670814433.849405
0,4,1,0,3,5267985908.557943
0,4,1,0,4,5500556576.686293
0,4,1,0,5,5618432601.959112
0,4,1,0,6,5423200893.925323
0,4,1,0,7,5719527615.207469
0,4,1,0,8,5769946449.111245
0,4,1,0,9,5649759349.939393
0,4,1,0,10,5293837682.83568
3,4,1,4,0,5806079846.737556
3,4,1,4,1,5858744305.889827
3,4,1,4,2,5865651019.483962
3,4,1,4,3,5797986394.295253
3,4,1,4,4,5784537141.635221
3,4,1,4,5,5796657598.795183
3,4,1,4,6,5796657598.795183
3,4,1,4,7,5796657598.795183
3,4,1,4,8,5796657598.795183
3,4,1,4,9,5796657598.795183
3,4,1,4,10,5796657598.795185
3,4,1,0,0,6075226413.513515
3,4,1,0,1,6065181587.363041
3,4,1,0,2,6145154008.254203
3,4,1,0,3,5588323687.7282715
3,4,1,0,4,5794258781.884591
3,4,1,0,5,5880308475.894816
3,4,1,0,6,5597913118.55369
3,4,1,0,7,5865578450.766985
3,4,1,0,8,5860162115.850986
3,4,1,0,9,5698156472.169468
3,4,1,0,10,5812616751.351352
2,1,2,4,0,1411911177.7810173
2,1,2,4,1,1481713286.7473397
2,1,2,4,2,1436055210.5263162
2,1,2,4,3,1447646810.5263162
2,1,2,4,4,1447646810.5263162
2,1,2,4,5,1447646810.5263162
2,1,2,4,6,1447646810.5263162
2,1,2,4,7,1447646810.5263162
2,1,2,4,8,1447646810.5263162
2,1,2,4,9,1447646810.5263162
2,1,2,4,10,1420487729.6398892
0,3,3,4,0,4426456984.774814
0,3,3,4,1,4365229064.59185
0,3,3,4,2,4305498318.422222
0,3,3,4,3,4339176166.666664
0,3,3,4,4,4344008583.333331
0,3,3,4,5,4346521699.999998
0,3,3,4,6,4346521699.999998
0,3,3,4,7,4346521699.999998
0,3,3,4,8,4346521699.999998
0,3,3,4,9,4346521699.999998
0,3,3,4,10,4305498318.422222
4,1,2,4,0,1447646810.5263162
4,1,2,4,1,1447646810.5263162
4,1,2,4,2,1447646810.5263162
4,1,2,4,3,1447646810.5263162
4,1,2,4,4,1447646810.5263162
4,1,2,4,5,1447646810.5263162
4,1,2,4,6,1447646810.5263162
4,1,2,4,7,1447646810.5263162
4,1,2,4,8,1447646810.5263162
4,1,2,4,9,1447646810.5263162
4,1,2,4,10,1447646810.5263162
1,3,4,4,0,3913670149.552258
1,3,4,4,1,4147807574.9618254
1,3,4,4,2,4270079384.210526
1,3,4,4,3,4346693831.578948
1,3,4,4,4,4346693831.578948
1,3,4,4,5,4346693831.578948
1,3,4,4,6,4346693831.578948
1,3,4,4,7,4346693831.578948
1,3,4,4,8,4346693831.578948
1,3,4,4,9,4346693831.578948
1,3,4,4,10,4055452492.5790915
3,2,4,4,0,2753315101.3850408
3,2,4,4,1,2935394600.5540166
3,2,4,4,2,2897604168.4210525
3,2,4,4,3,2897604168.4210525
3,2,4,4,4,2897604168.4210525
3,2,4,4,5,2897604168.4210525
3,2,4,4,6,2897604168.4210525
3,2,4,4,7,2897604168.4210525
3,2,4,4,8,2897604168.4210525
3,2,4,4,9,2897604168.4210525
3,2,4,4,10,2897604168.4210525
0,4,4,4,0,5217815432.375197
0,4,4,4,1,5437432955.050018
0,4,4,4,2,5595794578.297435
0,4,4,4,3,5780718597.202413
0,4,4,4,4,5821925334.044519
0,4,4,4,5,5788695415.789474
0,4,4,4,6,5791747942.105264
0,4,4,4,7,5796632152.631579
0,4,4,4,8,5796632152.631579
0,4,4,4,9,5796632152.631579
0,4,4,4,10,5357586636.370192
3,4,4,4,0,5651472991.689751
3,4,4,4,1,5626842434.3490305
3,4,4,4,2,5756543563.157895
3,4,4,4,3,5924546636.288087
3,4,4,4,4,5965753373.130196
3,4,4,4,5,5788695415.789474
3,4,4,4,6,5791747942.105264
3,4,4,4,7,5796632152.631579
3,4,4,4,8,5796632152.631579
3,4,4,4,9,5796632152.631579
3,4,4,4,10,5796632152.631578
2,0,3,4,0,0.0
2,0,3,4,1,0.0
2,0,3,4,2,0.0
2,0,3,4,3,0.0
2,0,3,4,4,0.0
2,0,3,4,5,0.0
2,0,3,4,6,0.0
2,0,3,4,7,0.0
2,0,3,4,8,0.0
2,0,3,4,9,0.0
2,0,3,4,10,0.0
0,2,2,4,0,2820128434.6252704
0,2,2,4,1,2875188391.304225
0,2,2,4,2,2893206386.519359
0,2,2,4,3,2886504936.4728146
0,2,2,4,4,2896529442.105263
0,2,2,4,5,2896529442.105263
0,2,2,4,6,2896529442.105263
0,2,2,4,7,2896529442.105263
0,2,2,4,8,2896529442.105263
0,2,2,4,9,2896529442.105263
0,2,2,4,10,2826569658.1824875
4,3,1,4,0,4347324176.506023
4,3,1,4,1,4347324176.506023
4,3,1,4,2,4347324176.506023
4,3,1,4,3,4347324176.506023
4,3,1,4,4,4347324176.506023
4,3,1,4,5,4347324176.506023
4,3,1,4,6,4347324176.506023
4,3,1,4,7,4347324176.506023
4,3,1,4,8,4347324176.506023
4,3,1,4,9,4347324176.506023
4,3,1,4,10,4347324176.506023
4,3,1,0,0,4354037394.594596
4,3,1,0,1,4354037394.594596
4,3,1,0,2,4354037394.594596
4,3,1,0,3,4354037394.594596
4,3,1,0,4,4354037394.594596
4,3,1,0,5,4354037394.594596
4,3,1,0,6,4354037394.594596
4,3,1,0,7,4354037394.594596
4,3,1,0,8,4354037394.594596
4,3,1,0,9,4354037394.594596
4,3,1,0,10,4354037394.594596
0,0,4,4,0,0.0
0,0,4,4,1,0.0
0,0,4,4,2,0.0
0,0,4,4,3,0.0
0,0,4,4,4,0.0
0,0,4,4,5,0.0
0,0,4,4,6,0.0
0,0,4,4,7,0.0
0,0,4,4,8,0.0
0,0,4,4,9,0.0
0,0,4,4,10,0.0
0,1,0,4,0,1636231402.515359
0,1,0,4,1,1306394244.6054633
0,1,0,4,2,1352195737.8866098
0,1,0,4,3,1361195427.5417821
0,1,0,4,4,1447926631.034483
0,1,0,4,5,1447926631.034483
0,1,0,4,6,1447926631.034483
0,1,0,4,7,1447926631.034483
0,1,0,4,8,1447926631.034483
0,1,0,4,9,1447926631.034483
0,1,0,4,10,1306995098.711686
4,0,3,4,0,0.0
4,0,3,4,1,0.0
4,0,3,4,2,0.0
4,0,3,4,3,0.0
4,0,3,4,4,0.0
4,0,3,4,5,0.0
4,0,3,4,6,0.0
4,0,3,4,7,0.0
4,0,3,4,8,0.0
4,0,3,4,9,0.0
4,0,3,4,10,0.0
4,4,1,0,0,5812616751.351353
4,4,1,0,1,5812616751.351353
4,4,1,0,2,5812616751.351353
4,4,1,0,3,5812616751.351353
4,4,1,0,4,5812616751.351353
4,4,1,0,5,5812616751.351353
4,4,1,0,6,5812616751.351353
4,4,1,0,7,5812616751.351353
4,4,1,0,8,5812616751.351353
4,4,1,0,9,5812616751.351353
4,4,1,0,10,5812616751.351353
4,4,1,4,0,5796657598.795183
4,4,1,4,1,5796657598.795183
4,4,1,4,2,5796657598.795183
4,4,1,4,3,5796657598.795183
4,4,1,4,4,5796657598.795183
4,4,1,4,5,5796657598.795183
4,4,1,4,6,5796657598.795183
4,4,1,4,7,5796657598.795183
4,4,1,4,8,5796657598.795183
4,4,1,4,9,5796657598.795183
4,4,1,4,10,5796657598.795183
1,0,1,0,0,0.0
1,0,1,0,1,0.0
1,0,1,0,2,0.0
1,0,1,0,3,0.0
1,0,1,0,4,0.0
1,0,1,0,5,0.0
1,0,1,0,6,0.0
1,0,1,0,7,0.0
1,0,1,0,8,0.0
1,0,1,0,9,0.0
1,0,1,0,10,0.0
1,3,3,4,0,4426491244.983705
1,3,3,4,1,4365231511.74963
1,3,3,4,2,4305498318.422223
1,3,3,4,3,4339176166.666664
1,3,3,4,4,4344008583.333331
1,3,3,4,5,4346521699.999998
1,3,3,4,6,4346521699.999998
1,3,3,4,7,4346521699.999998
1,3,3,4,8,4346521699.999998
1,3,3,4,9,4346521699.999998
1,3,3,4,10,4305571733.155556
2,2,0,4,0,3103811270.1217756
2,2,0,4,1,2733220643.6262245
2,2,0,4,2,2798945260.728198
2,2,0,4,3,2782808151.9701514
2,2,0,4,4,2896536096.551724
2,2,0,4,5,2896536096.551724
2,2,0,4,6,2896536096.551724
2,2,0,4,7,2896536096.551724
2,2,0,4,8,2896536096.551724
2,2,0,4,9,2896536096.551724
2,2,0,4,10,2815854545.1843047
3,3,2,4,0,4317448746.260387
3,3,2,4,1,4300703140.720221
3,3,2,4,2,4326649688.365652
3,3,2,4,3,4333498923.822713
3,3,2,4,4,4345542905.263157
3,3,2,4,5,4345542905.263157
3,3,2,4,6,4345542905.263157
3,3,2,4,7,4345542905.263157
3,3,2,4,8,4345542905.263157
3,3,2,4,9,4345542905.263157
3,3,2,4,10,4345542905.263157
0,4,1,4,0,5797693777.288401
0,4,1,4,1,5854383139.60599
0,4,1,4,2,5862455223.634723
0,4,1,4,3,5796202769.106484
0,4,1,4,4,5783844660.868778
0,4,1,4,5,5796657598.795183
0,4,1,4,6,5796657598.795183
0,4,1,4,7,5796657598.795183
0,4,1,4,8,5796657598.795183
0,4,1,4,9,5796657598.795183
0,4,1,4,10,5783844660.86878
1,0,0,4,0,0.0
1,0,0,4,1,0.0
1,0,0,4,2,0.0
1,0,0,4,3,0.0
1,0,0,4,4,0.0
1,0,0,4,5,0.0
1,0,0,4,6,0.0
1,0,0,4,7,0.0
1,0,0,4,8,0.0
1,0,0,4,9,0.0
1,0,0,4,10,0.0
3,1,2,4,0,1420487729.6398895
3,1,2,4,1,1488860413.2963986
3,1,2,4,2,1436055210.5263162
3,1,2,4,3,1447646810.5263162
3,1,2,4,4,1447646810.5263162
3,1,2,4,5,1447646810.5263162
3,1,2,4,6,1447646810.5263162
3,1,2,4,7,1447646810.5263162
3,1,2,4,8,1447646810.5263162
3,1,2,4,9,1447646810.5263162
3,1,2,4,10,1447646810.526316
2,4,0,4,0,5988135531.96523
2,4,0,4,1,5661216013.132968
2,4,0,4,2,5660489861.720448
2,4,0,4,3,5681190324.453644
2,4,0,4,4,5796816606.113412
2,4,0,4,5,5683266480.642913
2,4,0,4,6,5746520103.448277
2,4,0,4,7,5794320027.586207
2,4,0,4,8,5794320027.586207
2,4,0,4,9,5794320027.586207
2,4,0,4,10,5699436666.349585
4,2,0,4,0,2896536096.551724
4,2,0,4,1,2896536096.551724
4,2,0,4,2,2896536096.551724
4,2,0,4,3,2896536096.551724
4,2,0,4,4,2896536096.551724
4,2,0,4,5,2896536096.551724
4,2,0,4,6,2896536096.551724
4,2,0,4,7,2896536096.551724
4,2,0,4,8,2896536096.551724
4,2,0,4,9,2896536096.551724
4,2,0,4,10,2896536096.551724
0,1,4,4,0,1287721370.5687048
0,1,4,4,1,1448638305.2631576
0,1,4,4,2,1448638305.2631576
0,1,4,4,3,1448638305.2631576
0,1,4,4,4,1448638305.2631576
0,1,4,4,5,1448638305.2631576
0,1,4,4,6,1448638305.2631576
0,1,4,4,7,1448638305.2631576
0,1,4,4,8,1448638305.2631576
0,1,4,4,9,1448638305.2631576
0,1,4,4,10,1287889320.4026976
3,2,1,0,0,3164045072.9729733
3,2,1,0,1,3156033734.7699065
3,2,1,0,2,3236819550.840031
3,2,1,0,3,2688100529.510592
3,2,1,0,4,2877238930.6062818
3,2,1,0,5,2856392555.5880218
3,2,1,0,6,2809789183.783785
3,2,1,0,7,2895471772.9729753
3,2,1,0,8,2901435410.8108115
3,2,1,0,9,2901435410.8108115
3,2,1,0,10,2901435410.810812
3,2,1,4,0,2896849914.817102
3,2,1,4,1,2939060657.871245
3,2,1,4,2,2963796977.591088
3,2,1,4,3,2895713381.495866
3,2,1,4,4,2881632939.759037
3,2,1,4,5,2898054626.5060253
3,2,1,4,6,2898054626.5060253
3,2,1,4,7,2898054626.5060253
3,2,1,4,8,2898054626.5060253
3,2,1,4,9,2898054626.5060253
3,2,1,4,10,2898054626.506023
1,4,2,4,0,5641167767.242424
1,4,2,4,1,5643034318.287155
1,4,2,4,2,5695378208.103835
1,4,2,4,3,5795213709.542591
1,4,2,4,4,5914461084.797538
1,4,2,4,5,5585443718.713791
1,4,2,4,6,5549155173.68421
1,4,2,4,7,5759786647.36842
1,4,2,4,8,5795197173.684211
1,4,2,4,9,5795197173.684211
1,4,2,4,10,5549155173.684209
1,4,0,4,0,5955822132.322936
1,4,0,4,1,5630212965.916942
1,4,0,4,2,5637740796.75122
1,4,0,4,3,5661527557.430498
1,4,0,4,4,5791240680.007662
1,4,0,4,5,5680478517.590038
1,4,0,4,6,5746520103.448277
1,4,0,4,7,5794320027.586207
1,4,0,4,8,5794320027.586207
1,4,0,4,9,5794320027.586207
1,4,0,4,10,5660489861.720448
4,1,3,4,0,1448535160.0000002
4,1,3,4,1,1448535160.0000002
4,1,3,4,2,1448535160.0000002
4,1,3,4,3,1448535160.0000002
4,1,3,4,4,1448535160.0000002
4,1,3,4,5,1448535160.0000002
4,1,3,4,6,1448535160.0000002
4,1,3,4,7,1448535160.0000002
4,1,3,4,8,1448535160.0000002
4,1,3,4,9,1448535160.0000002
4,1,3,4,10,1448535160.0000002
2,1,3,4,0,1545081140.4444444
2,1,3,4,1,1455231449.5555558
2,1,3,4,2,1441193686.666667
2,1,3,4,3,1448535160.0000002
2,1,3,4,4,1448535160.0000002
2,1,3,4,5,1448535160.0000002
2,1,3,4,6,1448535160.0000002
2,1,3,4,7,1448535160.0000002
2,1,3,4,8,1448535160.0000002
2,1,3,4,9,1448535160.0000002
2,1,3,4,10,1441193686.666667
3,1,1,0,0,1712989621.6216218
3,1,1,0,1,1705160848.794741
3,1,1,0,2,1707573745.0693939
3,1,1,0,3,1356259578.8897004
3,1,1,0,4,1418691618.9189193
3,1,1,0,5,1450379959.4594598
3,1,1,0,6,1450379959.4594598
3,1,1,0,7,1450379959.4594598
3,1,1,0,8,1450379959.4594598
3,1,1,0,9,1450379959.4594598
3,1,1,0,10,1450379959.4594598
1,2,1,0,0,2893390283.2171836
1,2,1,0,1,2931715923.6754994
1,2,1,0,2,3031036531.2101784
1,2,1,0,3,2625207204.7466044
1,2,1,0,4,2839700780.2840843
1,2,1,0,5,2840304776.878507
1,2,1,0,6,2809789183.783785
1,2,1,0,7,2895471772.9729753
1,2,1,0,8,2901435410.8108115
1,2,1,0,9,2901435410.8108115
1,2,1,0,10,2630780621.0550222
2,3,4,4,0,4055452492.579092
2,3,4,4,1,4162968294.882636
2,3,4,4,2,4270079384.210526
2,3,4,4,3,4346693831.578948
2,3,4,4,4,4346693831.578948
2,3,4,4,5,4346693831.578948
2,3,4,4,6,4346693831.578948
2,3,4,4,7,4346693831.578948
2,3,4,4,8,4346693831.578948
2,3,4,4,9,4346693831.578948
2,3,4,4,10,4178156617.7285314
2,2,4,4,0,2609288262.1373367
2,2,4,4,1,2920237128.0361567
2,2,4,4,2,2897604168.4210525
2,2,4,4,3,2897604168.4210525
2,2,4,4,4,2897604168.4210525
2,2,4,4,5,2897604168.4210525
2,2,4,4,6,2897604168.4210525
2,2,4,4,7,2897604168.4210525
2,2,4,4,8,2897604168.4210525
2,2,4,4,9,2897604168.4210525
2,2,4,4,10,2753315101.38504
3,1,1,4,0,1455667481.2273192
3,1,1,4,1,1491176940.6953115
3,1,1,4,2,1496350152.2898827
3,1,1,4,3,1448940575.3012056
3,1,1,4,4,1448940575.3012056
3,1,1,4,5,1448940575.3012056
3,1,1,4,6,1448940575.3012056
3,1,1,4,7,1448940575.3012056
3,1,1,4,8,1448940575.3012056
3,1,1,4,9,1448940575.3012056
3,1,1,4,10,1448940575.3012064
1,2,1,4,0,2893981065.9275665
1,2,1,4,1,2937279993.0432596
1,2,1,4,2,2962115238.5868797
1,2,1,4,3,2895713381.495866
1,2,1,4,4,2881632939.759037
1,2,1,4,5,2898054626.5060253
1,2,1,4,6,2898054626.5060253
1,2,1,4,7,2898054626.5060253
1,2,1,4,8,2898054626.5060253
1,2,1,4,9,2898054626.5060253
1,2,1,4,10,2881632939.759039
0,2,4,4,0,2576114580.6888976
0,2,4,4,1,2918473654.779231
0,2,4,4,2,2897604168.4210525
0,2,4,4,3,2897604168.4210525
0,2,4,4,4,2897604168.4210525
0,2,4,4,5,2897604168.4210525
0,2,4,4,6,2897604168.4210525
0,2,4,4,7,2897604168.4210525
0,2,4,4,8,2897604168.4210525
0,2,4,4,9,2897604168.4210525
0,2,4,4,10,2580565593.1215987
4,3,2,4,0,4345542905.263157
4,3,2,4,1,4345542905.263157
4,3,2,4,2,4345542905.263157
4,3,2,4,3,4345542905.263157
4,3,2,4,4,4345542905.263157
4,3,2,4,5,4345542905.263157
4,3,2,4,6,4345542905.263157
4,3,2,4,7,4345542905.263157
4,3,2,4,8,4345542905.263157
4,3,2,4,9,4345542905.263157
4,3,2,4,10,4345542905.263157
0,4,0,4,0,5931180195.525258
0,4,0,4,1,5593196743.836889
0,4,0,4,2,5613806143.83115
0,4,0,4,3,5642925004.848959
0,4,0,4,4,5790279313.437705
0,4,0,4,5,5679997834.30506
0,4,0,4,6,5746520103.448277
0,4,0,4,7,5794320027.586207
0,4,0,4,8,5794320027.586207
0,4,0,4,9,5794320027.586207
0,4,0,4,10,5630212965.916943
2,0,2,4,0,0.0
2,0,2,4,1,0.0
2,0,2,4,2,0.0
2,0,2,4,3,0.0
2,0,2,4,4,0.0
2,0,2,4,5,0.0
2,0,2,4,6,0.0
2,0,2,4,7,0.0
2,0,2,4,8,0.0
2,0,2,4,9,0.0
2,0,2,4,10,0.0
0,4,3,4,0,5817762247.617776
0,4,3,4,1,5790208304.523702
0,4,3,4,2,5863350885.464443
0,4,3,4,3,5834947373.555554
0,4,3,4,4,5788448221.555559
0,4,3,4,5,5676369409.555556
0,4,3,4,6,5750029042.888888
0,4,3,4,7,5796335920.0
0,4,3,4,8,5796335920.0
0,4,3,4,9,5796335920.0
0,4,3,4,10,5676369409.555557
3,0,1,0,0,0.0
3,0,1,0,1,0.0
3,0,1,0,2,0.0
3,0,1,0,3,0.0
3,0,1,0,4,0.0
3,0,1,0,5,0.0
3,0,1,0,6,0.0
3,0,1,0,7,0.0
3,0,1,0,8,0.0
3,0,1,0,9,0.0
3,0,1,0,10,0.0
4,0,1,4,0,0.0
4,0,1,4,1,0.0
4,0,1,4,2,0.0
4,0,1,4,3,0.0
4,0,1,4,4,0.0
4,0,1,4,5,0.0
4,0,1,4,6,0.0
4,0,1,4,7,0.0
4,0,1,4,8,0.0
4,0,1,4,9,0.0
4,0,1,4,10,0.0
4,0,0,4,0,0.0
4,0,0,4,1,0.0
4,0,0,4,2,0.0
4,0,0,4,3,0.0
4,0,0,4,4,0.0
4,0,0,4,5,0.0
4,0,0,4,6,0.0
4,0,0,4,7,0.0
4,0,0,4,8,0.0
4,0,0,4,9,0.0
4,0,0,4,10,0.0
0,3,0,4,0,4471464747.562893
0,3,0,4,1,4139085225.639125
0,3,0,4,2,4168225266.3679686
0,3,0,4,3,4194785689.515044
0,3,0,4,4,4345270606.896551
0,3,0,4,5,4345270606.896551
0,3,0,4,6,4345270606.896551
0,3,0,4,7,4345270606.896551
0,3,0,4,8,4345270606.896551
0,3,0,4,9,4345270606.896551
0,3,0,4,10,4163590209.7317758
1,1,2,4,0,1409202792.983479
1,1,2,4,1,1479456299.4160569
1,1,2,4,2,1436055210.5263162
1,1,2,4,3,1447646810.5263162
1,1,2,4,4,1447646810.5263162
1,1,2,4,5,1447646810.5263162
1,1,2,4,6,1447646810.5263162
1,1,2,4,7,1447646810.5263162
1,1,2,4,8,1447646810.5263162
1,1,2,4,9,1447646810.5263162
1,1,2,4,10,1411911177.781017
4,1,4,4,0,1448638305.2631576
4,1,4,4,1,1448638305.2631576
4,1,4,4,2,1448638305.2631576
4,1,4,4,3,1448638305.2631576
4,1,4,4,4,1448638305.2631576
4,1,4,4,5,1448638305.2631576
4,1,4,4,6,1448638305.2631576
4,1,4,4,7,1448638305.2631576
4,1,4,4,8,1448638305.2631576
4,1,4,4,9,1448638305.2631576
4,1,4,4,10,1448638305.2631576
4,4,0,4,0,5794320027.586207
4,4,0,4,1,5794320027.586207
4,4,0,4,2,5794320027.586207
4,4,0,4,3,5794320027.586207
4,4,0,4,4,5794320027.586207
4,4,0,4,5,5794320027.586207
4,4,0,4,6,5794320027.586207
4,4,0,4,7,5794320027.586207
4,4,0,4,8,5794320027.586207
4,4,0,4,9,5794320027.586207
4,4,0,4,10,5794320027.586207
2,0,1,0,0,0.0
2,0,1,0,1,0.0
2,0,1,0,2,0.0
2,0,1,0,3,0.0
2,0,1,0,4,0.0
2,0,1,0,5,0.0
2,0,1,0,6,0.0
2,0,1,0,7,0.0
2,0,1,0,8,0.0
2,0,1,0,9,0.0
2,0,1,0,10,0.0
1,1,4,4,0,1287889320.4026976
1,1,4,4,1,1448638305.2631576
1,1,4,4,2,1448638305.2631576
1,1,4,4,3,1448638305.2631576
1,1,4,4,4,1448638305.2631576
1,1,4,4,5,1448638305.2631576
1,1,4,4,6,1448638305.2631576
1,1,4,4,7,1448638305.2631576
1,1,4,4,8,1448638305.2631576
1,1,4,4,9,1448638305.2631576
1,1,4,4,10,1289484843.8256302
2,0,1,4,0,0.0
2,0,1,4,1,0.0
2,0,1,4,2,0.0
2,0,1,4,3,0.0
2,0,1,4,4,0.0
2,0,1,4,5,0.0
2,0,1,4,6,0.0
2,0,1,4,7,0.0
2,0,1,4,8,0.0
2,0,1,4,9,0.0
2,0,1,4,10,0.0
3,3,1,0,0,4616647056.756758
3,3,1,0,1,4608217736.815195
3,3,1,0,2,4688836360.1899185
3,3,1,0,3,4138888139.3718047
3,3,1,0,4,4342731202.19138
3,3,1,0,5,4429133538.130023
3,3,1,0,6,4146616993.7910886
3,3,1,0,7,4376572451.716583
3,3,1,0,8,4236131068.0788903
3,3,1,0,9,4262339816.216217
3,3,1,0,10,4354037394.594597
4,0,1,0,0,0.0
4,0,1,0,1,0.0
4,0,1,0,2,0.0
4,0,1,0,3,0.0
4,0,1,0,4,0.0
4,0,1,0,5,0.0
4,0,1,0,6,0.0
4,0,1,0,7,0.0
4,0,1,0,8,0.0
4,0,1,0,9,0.0
4,0,1,0,10,0.0
3,3,1,4,0,4356861582.537383
3,3,1,4,1,4405535356.0494995
3,3,1,4,2,4415090492.165044
3,3,1,4,3,4344879549.510086
3,3,1,4,4,4330857815.223544
3,3,1,4,5,4347324176.506023
3,3,1,4,6,4347324176.506023
3,3,1,4,7,4347324176.506023
3,3,1,4,8,4347324176.506023
3,3,1,4,9,4347324176.506023
3,3,1,4,10,4347324176.506024
1,3,2,4,0,4257461220.0520253
1,3,2,4,1,4257098700.769638
1,3,2,4,2,4295787137.028567
1,3,2,4,3,4328700693.517544
1,3,2,4,4,4345542905.263157
1,3,2,4,5,4345542905.263157
1,3,2,4,6,4345542905.263157
1,3,2,4,7,4345542905.263157
1,3,2,4,8,4345542905.263157
1,3,2,4,9,4345542905.263157
1,3,2,4,10,4275682348.884678
0,1,1,0,0,1613506648.1486917
0,1,1,0,1,1632565165.4496295
0,1,1,0,2,1645732977.77541
0,1,1,0,3,1350882120.8641372
0,1,1,0,4,1418691618.9189193
0,1,1,0,5,1450379959.4594598
0,1,1,0,6,1450379959.4594598
0,1,1,0,7,1450379959.4594598
0,1,1,0,8,1450379959.4594598
0,1,1,0,9,1450379959.4594598
0,1,1,0,10,1350896985.9865296
0,1,1,4,0,1455667481.2273192
0,1,1,4,1,1491176940.6953115
0,1,1,4,2,1496350152.2898827
0,1,1,4,3,1448940575.3012056
0,1,1,4,4,1448940575.3012056
0,1,1,4,5,1448940575.3012056
0,1,1,4,6,1448940575.3012056
0,1,1,4,7,1448940575.3012056
0,1,1,4,8,1448940575.3012056
0,1,1,4,9,1448940575.3012056
0,1,1,4,10,1448940575.3012064
0,3,4,4,0,3873046462.2195625
0,3,4,4,1,4144784136.118063
0,3,4,4,2,4270079384.210526
0,3,4,4,3,4346693831.578948
0,3,4,4,4,4346693831.578948
0,3,4,4,5,4346693831.578948
0,3,4,4,6,4346693831.578948
0,3,4,4,7,4346693831.578948
0,3,4,4,8,4346693831.578948
0,3,4,4,9,4346693831.578948
0,3,4,4,10,3913670149.5522585
0,0,2,4,0,0.0
0,0,2,4,1,0.0
0,0,2,4,2,0.0
0,0,2,4,3,0.0
0,0,2,4,4,0.0
0,0,2,4,5,0.0
0,0,2,4,6,0.0
0,0,2,4,7,0.0
0,0,2,4,8,0.0
0,0,2,4,9,0.0
0,0,2,4,10,0.0
4,4,4,4,0,5796632152.631579
4,4,4,4,1,5796632152.631579
4,4,4,4,2,5796632152.631579
4,4,4,4,3,5796632152.631579
4,4,4,4,4,5796632152.631579
4,4,4,4,5,5796632152.631579
4,4,4,4,6,5796632152.631579
4,4,4,4,7,5796632152.631579
4,4,4,4,8,5796632152.631579
4,4,4,4,9,5796632152.631579
4,4,4,4,10,5796632152.631579
1,0,1,4,0,0.0
1,0,1,4,1,0.0
1,0,1,4,2,0.0
1,0,1,4,3,0.0
1,0,1,4,4,0.0
1,0,1,4,5,0.0
1,0,1,4,6,0.0
1,0,1,4,7,0.0
1,0,1,4,8,0.0
1,0,1,4,9,0.0
1,0,1,4,10,0.0
3,3,4,4,0,4202293996.121885
3,3,4,4,1,4178156617.728532
3,3,4,4,2,4270079384.210526
3,3,4,4,3,4346693831.578948
3,3,4,4,4,4346693831.578948
3,3,4,4,5,4346693831.578948
3,3,4,4,6,4346693831.578948
3,3,4,4,7,4346693831.578948
3,3,4,4,8,4346693831.578948
3,3,4,4,9,4346693831.578948
3,3,4,4,10,4346693831.578947
1,4,4,4,0,5357586636.370192
1,4,4,4,1,5453784985.799678
1,4,4,4,2,5597390101.720367
1,4,4,4,3,5782146170.791352
1,4,4,4,4,5823352907.633457
1,4,4,4,5,5788695415.789474
1,4,4,4,6,5791747942.105264
1,4,4,4,7,5796632152.631579
1,4,4,4,8,5796632152.631579
1,4,4,4,9,5796632152.631579
1,4,4,4,10,5480263158.594546
1,2,4,4,0,2580565593.121599
1,2,4,4,1,2918641604.613224
1,2,4,4,2,2897604168.4210525
1,2,4,4,3,2897604168.4210525
1,2,4,4,4,2897604168.4210525
1,2,4,4,5,2897604168.4210525
1,2,4,4,6,2897604168.4210525
1,2,4,4,7,2897604168.4210525
1,2,4,4,8,2897604168.4210525
1,2,4,4,9,2897604168.4210525
1,2,4,4,10,2609288262.1373367
2,3,0,4,0,4540680137.504612
2,3,0,4,1,4219033244.6594768
2,3,0,4,2,4216295497.6095777
2,3,0,4,3,4231607992.935341
2,3,0,4,4,4345270606.896551
2,3,0,4,5,4345270606.896551
2,3,0,4,6,4345270606.896551
2,3,0,4,7,4345270606.896551
2,3,0,4,8,4345270606.896551
2,3,0,4,9,4345270606.896551
2,3,0,4,10,4252867288.46611
